CPR;ID;Navn;Link
2610881111;001Test;NN Brigsted Jensen;https://survey.docpoint.dk/eva?Id=001Test
2204841111;002Test;NN Tarpgaard Hartkopf;https://survey.docpoint.dk/eva?Id=002Test
1103581111;003Test;NN Kvorning;https://survey.docpoint.dk/eva?Id=003Test
2610881111;001Test;NN Brigsted Jensen;https://survey.docpoint.dk/eva?Id=001Test
2204841111;002Test;NN Tarpgaard Hartkopf;https://survey.docpoint.dk/eva?Id=002Test
1103581111;003Test;NN Kvorning;https://survey.docpoint.dk/eva?Id=003Test
2610881111;001Test;NN Brigsted Jensen;https://survey.docpoint.dk/eva?Id=001Test
2204841111;002Test;NN Tarpgaard Hartkopf;https://survey.docpoint.dk/eva?Id=002Test
1103581111;003Test;NN Kvorning;https://survey.docpoint.dk/eva?Id=003Test
2610881111;001Test;NN Brigsted Jensen;https://survey.docpoint.dk/eva?Id=001Test
2204841111;002Test;NN Tarpgaard Hartkopf;https://survey.docpoint.dk/eva?Id=002Test
1103581111;003Test;NN Kvorning;https://survey.docpoint.dk/eva?Id=003Test
2610881111;001Test;NN Brigsted Jensen;https://survey.docpoint.dk/eva?Id=001Test
2204841111;002Test;NN Tarpgaard Hartkopf;https://survey.docpoint.dk/eva?Id=002Test
1103581111;003Test;NN Kvorning;https://survey.docpoint.dk/eva?Id=003Test
2610881111;001Test;NN Brigsted Jensen;https://survey.docpoint.dk/eva?Id=001Test
2204841111;002Test;NN Tarpgaard Hartkopf;https://survey.docpoint.dk/eva?Id=002Test
1103581111;003Test;NN Kvorning;https://survey.docpoint.dk/eva?Id=003Test
2610881111;001Test;NN Brigsted Jensen;https://survey.docpoint.dk/eva?Id=001Test
2204841111;002Test;NN Tarpgaard Hartkopf;https://survey.docpoint.dk/eva?Id=002Test
1103581111;003Test;NN Kvorning;https://survey.docpoint.dk/eva?Id=003Test
2610881111;001Test;NN Brigsted Jensen;https://survey.docpoint.dk/eva?Id=001Test
2204841111;002Test;NN Tarpgaard Hartkopf;https://survey.docpoint.dk/eva?Id=002Test
1103581111;003Test;NN Kvorning;https://survey.docpoint.dk/eva?Id=003Test
2610881111;001Test;NN Brigsted Jensen;https://survey.docpoint.dk/eva?Id=001Test
2204841111;002Test;NN Tarpgaard Hartkopf;https://survey.docpoint.dk/eva?Id=002Test
1103581111;003Test;NN Kvorning;https://survey.docpoint.dk/eva?Id=003Test
2610881111;001Test;NN Brigsted Jensen;https://survey.docpoint.dk/eva?Id=001Test
2204841111;002Test;NN Tarpgaard Hartkopf;https://survey.docpoint.dk/eva?Id=002Test
1103581111;003Test;NN Kvorning;https://survey.docpoint.dk/eva?Id=003Test
2610881111;001Test;NN Brigsted Jensen;https://survey.docpoint.dk/eva?Id=001Test
2204841111;002Test;NN Tarpgaard Hartkopf;https://survey.docpoint.dk/eva?Id=002Test
1103581111;003Test;NN Kvorning;https://survey.docpoint.dk/eva?Id=003Test
2610881111;001Test;NN Brigsted Jensen;https://survey.docpoint.dk/eva?Id=001Test
2204841111;002Test;NN Tarpgaard Hartkopf;https://survey.docpoint.dk/eva?Id=002Test
1103581111;003Test;NN Kvorning;https://survey.docpoint.dk/eva?Id=003Test
2610881111;001Test;NN Brigsted Jensen;https://survey.docpoint.dk/eva?Id=001Test
2204841111;002Test;NN Tarpgaard Hartkopf;https://survey.docpoint.dk/eva?Id=002Test
1103581111;003Test;NN Kvorning;https://survey.docpoint.dk/eva?Id=003Test
2610881111;001Test;NN Brigsted Jensen;https://survey.docpoint.dk/eva?Id=001Test
2204841111;002Test;NN Tarpgaard Hartkopf;https://survey.docpoint.dk/eva?Id=002Test
1103581111;003Test;NN Kvorning;https://survey.docpoint.dk/eva?Id=003Test
2610881111;001Test;NN Brigsted Jensen;https://survey.docpoint.dk/eva?Id=001Test
2204841111;002Test;NN Tarpgaard Hartkopf;https://survey.docpoint.dk/eva?Id=002Test
1103581111;003Test;NN Kvorning;https://survey.docpoint.dk/eva?Id=003Test
2610881111;001Test;NN Brigsted Jensen;https://survey.docpoint.dk/eva?Id=001Test
2204841111;002Test;NN Tarpgaard Hartkopf;https://survey.docpoint.dk/eva?Id=002Test
1103581111;003Test;NN Kvorning;https://survey.docpoint.dk/eva?Id=003Test
2610881111;001Test;NN Brigsted Jensen;https://survey.docpoint.dk/eva?Id=001Test
2204841111;002Test;NN Tarpgaard Hartkopf;https://survey.docpoint.dk/eva?Id=002Test
1103581111;003Test;NN Kvorning;https://survey.docpoint.dk/eva?Id=003Test
2610881111;001Test;NN Brigsted Jensen;https://survey.docpoint.dk/eva?Id=001Test
2204841111;002Test;NN Tarpgaard Hartkopf;https://survey.docpoint.dk/eva?Id=002Test
1103581111;003Test;NN Kvorning;https://survey.docpoint.dk/eva?Id=003Test
2610881111;001Test;NN Brigsted Jensen;https://survey.docpoint.dk/eva?Id=001Test
2204841111;002Test;NN Tarpgaard Hartkopf;https://survey.docpoint.dk/eva?Id=002Test
1103581111;003Test;NN Kvorning;https://survey.docpoint.dk/eva?Id=003Test
2610881111;001Test;NN Brigsted Jensen;https://survey.docpoint.dk/eva?Id=001Test
2204841111;002Test;NN Tarpgaard Hartkopf;https://survey.docpoint.dk/eva?Id=002Test
1103581111;003Test;NN Kvorning;https://survey.docpoint.dk/eva?Id=003Test
2610881111;001Test;NN Brigsted Jensen;https://survey.docpoint.dk/eva?Id=001Test
2204841111;002Test;NN Tarpgaard Hartkopf;https://survey.docpoint.dk/eva?Id=002Test
1103581111;003Test;NN Kvorning;https://survey.docpoint.dk/eva?Id=003Test
2610881111;001Test;NN Brigsted Jensen;https://survey.docpoint.dk/eva?Id=001Test
2204841111;002Test;NN Tarpgaard Hartkopf;https://survey.docpoint.dk/eva?Id=002Test
1103581111;003Test;NN Kvorning;https://survey.docpoint.dk/eva?Id=003Test
2610881111;001Test;NN Brigsted Jensen;https://survey.docpoint.dk/eva?Id=001Test
2204841111;002Test;NN Tarpgaard Hartkopf;https://survey.docpoint.dk/eva?Id=002Test
1103581111;003Test;NN Kvorning;https://survey.docpoint.dk/eva?Id=003Test
2610881111;001Test;NN Brigsted Jensen;https://survey.docpoint.dk/eva?Id=001Test
2204841111;002Test;NN Tarpgaard Hartkopf;https://survey.docpoint.dk/eva?Id=002Test
1103581111;003Test;NN Kvorning;https://survey.docpoint.dk/eva?Id=003Test
2610881111;001Test;NN Brigsted Jensen;https://survey.docpoint.dk/eva?Id=001Test
2204841111;002Test;NN Tarpgaard Hartkopf;https://survey.docpoint.dk/eva?Id=002Test
1103581111;003Test;NN Kvorning;https://survey.docpoint.dk/eva?Id=003Test
2610881111;001Test;NN Brigsted Jensen;https://survey.docpoint.dk/eva?Id=001Test
2204841111;002Test;NN Tarpgaard Hartkopf;https://survey.docpoint.dk/eva?Id=002Test
1103581111;003Test;NN Kvorning;https://survey.docpoint.dk/eva?Id=003Test
2610881111;001Test;NN Brigsted Jensen;https://survey.docpoint.dk/eva?Id=001Test
2204841111;002Test;NN Tarpgaard Hartkopf;https://survey.docpoint.dk/eva?Id=002Test
1103581111;003Test;NN Kvorning;https://survey.docpoint.dk/eva?Id=003Test
2610881111;001Test;NN Brigsted Jensen;https://survey.docpoint.dk/eva?Id=001Test
2204841111;002Test;NN Tarpgaard Hartkopf;https://survey.docpoint.dk/eva?Id=002Test
1103581111;003Test;NN Kvorning;https://survey.docpoint.dk/eva?Id=003Test
2610881111;001Test;NN Brigsted Jensen;https://survey.docpoint.dk/eva?Id=001Test
2204841111;002Test;NN Tarpgaard Hartkopf;https://survey.docpoint.dk/eva?Id=002Test
1103581111;003Test;NN Kvorning;https://survey.docpoint.dk/eva?Id=003Test
2610881111;001Test;NN Brigsted Jensen;https://survey.docpoint.dk/eva?Id=001Test
2204841111;002Test;NN Tarpgaard Hartkopf;https://survey.docpoint.dk/eva?Id=002Test
1103581111;003Test;NN Kvorning;https://survey.docpoint.dk/eva?Id=003Test
2610881111;001Test;NN Brigsted Jensen;https://survey.docpoint.dk/eva?Id=001Test
2204841111;002Test;NN Tarpgaard Hartkopf;https://survey.docpoint.dk/eva?Id=002Test
1103581111;003Test;NN Kvorning;https://survey.docpoint.dk/eva?Id=003Test
2610881111;001Test;NN Brigsted Jensen;https://survey.docpoint.dk/eva?Id=001Test
2204841111;002Test;NN Tarpgaard Hartkopf;https://survey.docpoint.dk/eva?Id=002Test
1103581111;003Test;NN Kvorning;https://survey.docpoint.dk/eva?Id=003Test
2610881111;001Test;NN Brigsted Jensen;https://survey.docpoint.dk/eva?Id=001Test
2204841111;002Test;NN Tarpgaard Hartkopf;https://survey.docpoint.dk/eva?Id=002Test
1103581111;003Test;NN Kvorning;https://survey.docpoint.dk/eva?Id=003Test
2610881111;001Test;NN Brigsted Jensen;https://survey.docpoint.dk/eva?Id=001Test